"ARSON";"ARSON"
"ARSON";"ARSON OF A COMMERCIAL BUILDING"
"ARSON";"ARSON OF A POLICE BUILDING"
"ARSON";"ARSON OF A POLICE VEHICLE"
"ARSON";"ARSON OF A VACANT BUILDING"
"ARSON";"ARSON OF A VEHICLE"
"ARSON";"ARSON OF AN INHABITED DWELLING"
"ARSON";"ATTEMPTED ARSON"
"ARSON";"FIRE, UNLAWFULLY CAUSING"
"ASSAULT";"AGGRAVATED ASSAULT OF POLICE OFFICER, SNIPING"
"ASSAULT";"AGGRAVATED ASSAULT OF POLICE OFFICER,BODILY FORCE"
"ASSAULT";"AGGRAVATED ASSAULT ON POLICE OFFICER WITH A GUN"
"ASSAULT";"AGGRAVATED ASSAULT ON POLICE OFFICER WITH A KNIFE"
"ASSAULT";"AGGRAVATED ASSAULT WITH A DEADLY WEAPON"
"ASSAULT";"AGGRAVATED ASSAULT WITH A GUN"
"ASSAULT";"AGGRAVATED ASSAULT WITH A KNIFE"
"ASSAULT";"AGGRAVATED ASSAULT WITH BODILY FORCE"
"ASSAULT";"ASSAULT"
"ASSAULT";"ASSAULT BY POISONING"
"ASSAULT";"ASSAULT BY POLICE OFFICER"
"ASSAULT";"ASSAULT ON A POLICE OFFICER WITH A DEADLY WEAPON"
"ASSAULT";"ASSAULT OR ATTEMPTED MURDER UPON GOV'T OFFICERS"
"ASSAULT";"ASSAULT WITH CAUSTIC CHEMICALS"
"ASSAULT";"ASSAULT, AGGRAVATED, ON POLICE OFFICER, W/ FULL AUTO"
"ASSAULT";"ASSAULT, AGGRAVATED, ON POLICE OFFICER, W/ GUN"
"ASSAULT";"ASSAULT, AGGRAVATED, ON POLICE OFFICER, W/ SEMI AUTO"
"ASSAULT";"ASSAULT, AGGRAVATED, W/ GUN"
"ASSAULT";"ASSAULT, AGGRAVATED, W/ MACHINE GUN"
"ASSAULT";"ASSAULT, AGGRAVATED, W/ SEMI AUTO"
"ASSAULT";"ATTEMPTED HOMICIDE WITH A DANGEROUS WEAPON"
"ASSAULT";"ATTEMPTED HOMICIDE WITH A GUN"
"ASSAULT";"ATTEMPTED HOMICIDE WITH A KNIFE"
"ASSAULT";"ATTEMPTED HOMICIDE WITH BODILY FORCE"
"ASSAULT";"ATTEMPTED HOMICIDE WITH EXPLOSIVES"
"ASSAULT";"ATTEMPTED MAYHEM WITH A DEADLY WEAPON"
"ASSAULT";"ATTEMPTED MAYHEM WITH A GUN"
"ASSAULT";"ATTEMPTED MAYHEM WITH A KNIFE"
"ASSAULT";"ATTEMPTED MAYHEM WITH BODILY FORCE"
"ASSAULT";"ATTEMPTED SIMPLE ASSAULT"
"ASSAULT";"BATTERY"
"ASSAULT";"BATTERY DURING LABOR DISPUTE"
"ASSAULT";"BATTERY OF A POLICE OFFICER"
"ASSAULT";"BATTERY WITH SERIOUS INJURIES"
"ASSAULT";"BATTERY, FORMER SPOUSE OR DATING RELATIONSHIP"
"ASSAULT";"CHILD ABUSE (PHYSICAL)"
"ASSAULT";"CHILD, INFLICTING INJURY RESULTING IN TRAUMATIC CONDITION"
"ASSAULT";"CIVIL RIGHTS, INCL. INJURY, THREAT, OR DAMAGE (HATE CRIMES)"
"ASSAULT";"DISCHARGING IN GROSSLY NEGLIGENT MANNER"
"ASSAULT";"ELDER ADULT OR DEPENDENT ABUSE (NOT EMBEZZLEMENT OR THEFT)"
"ASSAULT";"FALSE IMPRISONMENT"
"ASSAULT";"FIREARM, DISCHARGING AT OCCUPIED BLDG, VEHICLE, OR AIRCRAFT"
"ASSAULT";"FIREARM, DISCHARGING IN GROSSLY NEGLIGENT MANNER"
"ASSAULT";"INFLICT INJURY ON COHABITEE"
"ASSAULT";"LASERS, DISCHARGING OR LIGHTS AT AIRCRAFT"
"ASSAULT";"MAYHEM WITH A DEADLY WEAPON"
"ASSAULT";"MAYHEM WITH A GUN"
"ASSAULT";"MAYHEM WITH A KNIFE"
"ASSAULT";"MAYHEM WITH BODILY FORCE"
"ASSAULT";"RESISTING PEACE OFFICER, CAUSING THEIR SERIOUS INJURY OR DEATH"
"ASSAULT";"SHOOTING INTO INHABITED DWELLING OR OCCUPIED VEHICLE"
"ASSAULT";"STALKING"
"ASSAULT";"TERRORIZING BY ARSON OR EXPLOSIVE DEVICE"
"ASSAULT";"TERRORIZING BY MARKING PRIVATE PROPERTY"
"ASSAULT";"THREAT OR FORCE TO RESIST EXECUTIVE OFFICER"
"ASSAULT";"THREAT TO STATE OFFICIAL OR JUDGE"
"ASSAULT";"THREATENING PHONE CALL(S)"
"ASSAULT";"THREATENING SCHOOL OR PUBLIC EMPLOYEE"
"ASSAULT";"THREATS AGAINST LIFE"
"ASSAULT";"THREATS TO SCHOOL TEACHERS"
"ASSAULT";"TRESPASS WITHIN 30 DAYS OF CREDIBLE THREAT"
"ASSAULT";"UNLAWFUL DISSUADING/THREATENING OF A WITNESS"
"ASSAULT";"WILLFUL CRUELTY TO CHILD"
"BAD CHECKS";"CHECKS, NON-SUFFICIENT FUNDS (FELONY)"
"BAD CHECKS";"CHECKS, NON-SUFFICIENT FUNDS (MISDEMEANOR)"
"BRIBERY";"BRIBERY OF EXECUTIVE OFFICER"
"BRIBERY";"BRIBERY OF WITNESSES"
"BRIBERY";"CONCEAL CRIME OR WITHHOLD EVIDENCE, ACCEPTING PAYMENT TO"
"BRIBERY";"DISSUADING WITNESS, VICTIM"
"BURGLARY";"BURGLARY OF APARTMENT HOUSE, ATT FORCIBLE ENTRY"
"BURGLARY";"BURGLARY OF APARTMENT HOUSE, FORCIBLE ENTRY"
"BURGLARY";"BURGLARY OF APARTMENT HOUSE, UNLAWFUL ENTRY"
"BURGLARY";"BURGLARY OF FLAT, ATTEMPTED FORCIBLE ENTRY"
"BURGLARY";"BURGLARY OF FLAT, FORCIBLE ENTRY"
"BURGLARY";"BURGLARY OF FLAT, UNLAWFUL ENTRY"
"BURGLARY";"BURGLARY OF HOTEL ROOM, ATTEMPTED FORCIBLE ENTRY"
"BURGLARY";"BURGLARY OF HOTEL ROOM, FORCIBLE ENTRY"
"BURGLARY";"BURGLARY OF HOTEL ROOM, UNLAWFUL ENTRY"
"BURGLARY";"BURGLARY OF RESIDENCE, ATTEMPTED FORCIBLE ENTRY"
"BURGLARY";"BURGLARY OF RESIDENCE, FORCIBLE ENTRY"
"BURGLARY";"BURGLARY OF RESIDENCE, UNLAWFUL ENTRY"
"BURGLARY";"BURGLARY OF STORE, ATTEMPTED FORCIBLE ENTRY"
"BURGLARY";"BURGLARY OF STORE, FORCIBLE ENTRY"
"BURGLARY";"BURGLARY OF STORE, UNLAWFUL ENTRY"
"BURGLARY";"BURGLARY OF WAREHOUSE, ATTEMPTED FORCIBLE ENTRY"
"BURGLARY";"BURGLARY OF WAREHOUSE, FORCIBLE ENTRY"
"BURGLARY";"BURGLARY OF WAREHOUSE, UNLAWFUL ENTRY"
"BURGLARY";"BURGLARY, ATTEMPTED FORCIBLE ENTRY"
"BURGLARY";"BURGLARY, FORCIBLE ENTRY"
"BURGLARY";"BURGLARY, HOT PROWL, ATTEMPTED FORCIBLE ENTRY"
"BURGLARY";"BURGLARY, HOT PROWL, FORCIBLE ENTRY"
"BURGLARY";"BURGLARY, HOT PROWL, UNLAWFUL ENTRY"
"BURGLARY";"BURGLARY, UNLAWFUL ENTRY"
"BURGLARY";"BURGLARY, VEHICLE (ARREST MADE)"
"BURGLARY";"BURGLARY, VEHICLE, ATT. (ARREST MADE)"
"BURGLARY";"BURGLARY,APT UNDER CONSTRUCTION, ATT. FORCIBLE"
"BURGLARY";"BURGLARY,APT UNDER CONSTRUCTION, FORCIBLE ENTRY"
"BURGLARY";"BURGLARY,APT UNDER CONSTRUCTION, UNLAWFUL ENTRY"
"BURGLARY";"BURGLARY,BLDG. UNDER CONSTRUCTION, ATT. FORCIBLE"
"BURGLARY";"BURGLARY,BLDG. UNDER CONSTRUCTION, FORCIBLE ENTRY"
"BURGLARY";"BURGLARY,BLDG. UNDER CONSTRUCTION, UNLAWFUL ENTRY"
"BURGLARY";"BURGLARY,FLAT UNDER CONSTRUCTION, ATT. FORCIBLE"
"BURGLARY";"BURGLARY,FLAT UNDER CONSTRUCTION, FORCIBLE ENTRY"
"BURGLARY";"BURGLARY,FLAT UNDER CONSTRUCTION, UNLAWFUL ENTRY"
"BURGLARY";"BURGLARY,HOTEL UNDER CONSTRUCTION, ATT. FORCIBLE"
"BURGLARY";"BURGLARY,HOTEL UNDER CONSTRUCTION, FORCIBLE ENTRY"
"BURGLARY";"BURGLARY,HOTEL UNDER CONSTRUCTION, UNLAWFUL ENTRY"
"BURGLARY";"BURGLARY,RESIDENCE UNDER CONSTRT, ATT. FORCIBLE"
"BURGLARY";"BURGLARY,RESIDENCE UNDER CONSTRT, FORCIBLE ENTRY"
"BURGLARY";"BURGLARY,RESIDENCE UNDER CONSTRT, UNLAWFUL ENTRY"
"BURGLARY";"BURGLARY,STORE UNDER CONSTRUCTION, ATT. FORCIBLE"
"BURGLARY";"BURGLARY,STORE UNDER CONSTRUCTION, FORCIBLE ENTRY"
"BURGLARY";"BURGLARY,STORE UNDER CONSTRUCTION, UNLAWFUL ENTRY"
"BURGLARY";"BURGLARY,WAREHOUSE UNDER CONSTRT, ATT. FORCIBLE"
"BURGLARY";"BURGLARY,WAREHOUSE UNDER CONSTRT, FORCIBLE ENTRY"
"BURGLARY";"BURGLARY,WAREHOUSE UNDER CONSTRT, UNLAWFUL ENTRY"
"BURGLARY";"SAFE BURGLARY"
"BURGLARY";"SAFE BURGLARY OF A FLAT"
"BURGLARY";"SAFE BURGLARY OF A HOTEL"
"BURGLARY";"SAFE BURGLARY OF A RESIDENCE"
"BURGLARY";"SAFE BURGLARY OF A STORE"
"BURGLARY";"SAFE BURGLARY OF A WAREHOUSE"
"BURGLARY";"SAFE BURGLARY OF A WAREHOUSE WITH EXPLOSIVES"
"BURGLARY";"SAFE BURGLARY OF AN APARTMENT"
"DISORDERLY CONDUCT";"COMMITTING PUBLIC NUISANCE"
"DISORDERLY CONDUCT";"DISTURBANCE OF NON-RELIGIOUS, NON-POLITICAL ASSEMBLY"
"DISORDERLY CONDUCT";"DISTURBING RELIGIOUS MEETINGS"
"DISORDERLY CONDUCT";"DISTURBING THE PEACE"
"DISORDERLY CONDUCT";"DISTURBING THE PEACE, COMMOTION"
"DISORDERLY CONDUCT";"DISTURBING THE PEACE, FIGHTING"
"DISORDERLY CONDUCT";"DISTURBING THE PEACE, SWEARING"
"DISORDERLY CONDUCT";"MAINTAINING A PUBLIC NUISANCE"
"DISORDERLY CONDUCT";"MAINTAINING A PUBLIC NUISANCE AFTER NOTIFICATION"
"DRIVING UNDER THE INFLUENCE";"DRIVING WHILE UNDER THE INFLUENCE OF ALCOHOL"
"DRIVING UNDER THE INFLUENCE";"DRIVING WHILE UNDER THE INFLUENCE OF ALCOHOL, W/INJURY"
"DRIVING UNDER THE INFLUENCE";"DRIVING WHILE UNDER THE INFLUENCE OF DRUGS"
"DRIVING UNDER THE INFLUENCE";"DRIVING WHILE UNDER THE INFLUENCE OF DRUGS, W/INJURY"
"DRUG/NARCOTIC";"CONTROLLED SUBSTANCE VIOLATION, LOITERING FOR"
"DRUG/NARCOTIC";"DRUG LAB APPARATUS, POSSESSION"
"DRUG/NARCOTIC";"ENCOURAGE MINOR TO USE BARBITUATES"
"DRUG/NARCOTIC";"ENCOURAGE MINOR TO USE CONTROLLED SUBSTANCE"
"DRUG/NARCOTIC";"ENCOURAGING MINOR TO USE COCAINE"
"DRUG/NARCOTIC";"ENCOURAGING MINOR TO USE MARIJUANA"
"DRUG/NARCOTIC";"FAILURE TO REGISTER AS NARCOTICS ADDICT"
"DRUG/NARCOTIC";"FORGE OR ALTER PRESCRIPTION"
"DRUG/NARCOTIC";"FURNISHING MARIJUANA"
"DRUG/NARCOTIC";"HYPODERMIC NEEDLE OR SYRINGE, POSSESSION"
"DRUG/NARCOTIC";"LOITERING WHERE NARCOTICS ARE SOLD/USED"
"DRUG/NARCOTIC";"MAINTAINING PREMISE WHERE NARCOTICS ARE SOLD/USED"
"DRUG/NARCOTIC";"MONEY OFFENSE RELATED TO NARCOTICS TRAFFICKING"
"DRUG/NARCOTIC";"PLANTING/CULTIVATING MARIJUANA"
"DRUG/NARCOTIC";"PLANTING/CULTIVATING PEYOTE"
"DRUG/NARCOTIC";"POSSESSION OF AMPHETAMINE"
"DRUG/NARCOTIC";"POSSESSION OF AMPHETAMINE FOR SALES"
"DRUG/NARCOTIC";"POSSESSION OF BARBITUATES"
"DRUG/NARCOTIC";"POSSESSION OF BARBITUATES FOR SALES"
"DRUG/NARCOTIC";"POSSESSION OF BASE/ROCK COCAINE"
"DRUG/NARCOTIC";"POSSESSION OF BASE/ROCK COCAINE FOR SALE"
"DRUG/NARCOTIC";"POSSESSION OF COCAINE"
"DRUG/NARCOTIC";"POSSESSION OF COCAINE FOR SALES"
"DRUG/NARCOTIC";"POSSESSION OF CONTROLLED SUBSTANCE"
"DRUG/NARCOTIC";"POSSESSION OF CONTROLLED SUBSTANCE FOR SALE"
"DRUG/NARCOTIC";"POSSESSION OF HALLUCINOGENIC"
"DRUG/NARCOTIC";"POSSESSION OF HALLUCINOGENIC FOR SALES"
"DRUG/NARCOTIC";"POSSESSION OF HEROIN"
"DRUG/NARCOTIC";"POSSESSION OF HEROIN FOR SALES"
"DRUG/NARCOTIC";"POSSESSION OF MARIJUANA"
"DRUG/NARCOTIC";"POSSESSION OF MARIJUANA FOR SALES"
"DRUG/NARCOTIC";"POSSESSION OF METH-AMPHETAMINE"
"DRUG/NARCOTIC";"POSSESSION OF METH-AMPHETAMINE FOR SALE"
"DRUG/NARCOTIC";"POSSESSION OF METHADONE"
"DRUG/NARCOTIC";"POSSESSION OF METHADONE FOR SALES"
"DRUG/NARCOTIC";"POSSESSION OF NARCOTICS PARAPHERNALIA"
"DRUG/NARCOTIC";"POSSESSION OF OPIATES"
"DRUG/NARCOTIC";"POSSESSION OF OPIATES FOR SALES"
"DRUG/NARCOTIC";"POSSESSION OF OPIUM"
"DRUG/NARCOTIC";"POSSESSION OF OPIUM DERIVATIVE"
"DRUG/NARCOTIC";"POSSESSION OF OPIUM DERIVATIVE FOR SALES"
"DRUG/NARCOTIC";"POSSESSION OF OPIUM FOR SALES"
"DRUG/NARCOTIC";"PRESCRIPTION, FORGE OR ALTER (4390 B&P)"
"DRUG/NARCOTIC";"SALE OF AMPHETAMINE"
"DRUG/NARCOTIC";"SALE OF BARBITUATES"
"DRUG/NARCOTIC";"SALE OF BASE/ROCK COCAINE"
"DRUG/NARCOTIC";"SALE OF COCAINE"
"DRUG/NARCOTIC";"SALE OF CONTROLLED SUBSTANCE"
"DRUG/NARCOTIC";"SALE OF HALLUCINOGENIC"
"DRUG/NARCOTIC";"SALE OF HEROIN"
"DRUG/NARCOTIC";"SALE OF MARIJUANA"
"DRUG/NARCOTIC";"SALE OF METH-AMPHETAMINE"
"DRUG/NARCOTIC";"SALE OF METHADONE"
"DRUG/NARCOTIC";"SALE OF OPIATES"
"DRUG/NARCOTIC";"SALE OF OPIUM"
"DRUG/NARCOTIC";"SALE OF OPIUM DERIVATIVE"
"DRUG/NARCOTIC";"SALES COCAINE BASE/SCHOOLYARD TRAFFICKING ACT VIO"
"DRUG/NARCOTIC";"TRANSPORTAION OF CONTROLLED SUBSTANCE"
"DRUG/NARCOTIC";"TRANSPORTATION OF AMPHETAMINE"
"DRUG/NARCOTIC";"TRANSPORTATION OF COCAINE"
"DRUG/NARCOTIC";"TRANSPORTATION OF HALLUCINOGENIC"
"DRUG/NARCOTIC";"TRANSPORTATION OF HEROIN"
"DRUG/NARCOTIC";"TRANSPORTATION OF MARIJUANA"
"DRUG/NARCOTIC";"TRANSPORTATION OF METH-AMPHETAMINE"
"DRUG/NARCOTIC";"TRANSPORTATION OF METHADONE"
"DRUG/NARCOTIC";"TRANSPORTATION OF OPIATES"
"DRUG/NARCOTIC";"UNDER INFLUENCE OF DRUGS IN A PUBLIC PLACE"
"DRUG/NARCOTIC";"UNDER THE INFLUENCE OF CONTROLLED SUBSTANCES"
"DRUG/NARCOTIC";"VISITING WHERE DRUGS ARE USED OR SMOKED"
"DRUNKENNESS";"UNDER INFLUENCE OF ALCOHOL IN A PUBLIC PLACE"
"EMBEZZLEMENT";"EMBEZZLED VEHICLE"
"EMBEZZLEMENT";"EMBEZZLEMENT (GENERAL)"
"EMBEZZLEMENT";"EMBEZZLEMENT, GRAND THEFT"
"EMBEZZLEMENT";"EMBEZZLEMENT, GRAND THEFT BY BROOKERS/AGENTS"
"EMBEZZLEMENT";"EMBEZZLEMENT, GRAND THEFT BY COLLECTOR"
"EMBEZZLEMENT";"EMBEZZLEMENT, GRAND THEFT BY EMPLOYEE"
"EMBEZZLEMENT";"EMBEZZLEMENT, GRAND THEFT BY PROPERTY CARRIER"
"EMBEZZLEMENT";"EMBEZZLEMENT, GRAND THEFT LEASED PROPERTY"
"EMBEZZLEMENT";"EMBEZZLEMENT, GRAND THEFT PRIVATE PROPERTY"
"EMBEZZLEMENT";"EMBEZZLEMENT, GRAND THEFT PUBLIC/PRIVATE OFFICIAL"
"EMBEZZLEMENT";"EMBEZZLEMENT, PETTY THEFT"
"EMBEZZLEMENT";"EMBEZZLEMENT, PETTY THEFT BY BROOKERS/AGENTS"
"EMBEZZLEMENT";"EMBEZZLEMENT, PETTY THEFT BY EMPLOYEE"
"EMBEZZLEMENT";"EMBEZZLEMENT, PETTY THEFT PRIVATE PROPERTY"
"EMBEZZLEMENT";"EMBEZZLEMENT, PETTY THEFT PUBLIC/PRIVATE OFFICIAL"
"EXTORTION";"ATTEMPTED EXTORTION"
"EXTORTION";"EXTORTION"
"FAMILY OFFENSES";"ABANDONMENT OF CHILD"
"FAMILY OFFENSES";"CHILDREN, ABANDONMENT & NEGLECT OF (GENERAL)"
"FAMILY OFFENSES";"CONCEALMENT/REMOVAL OF CHILD WITHOUT CONSENT"
"FAMILY OFFENSES";"DESERTION OF CHILD"
"FAMILY OFFENSES";"FAILURE TO PROVIDE FOR CHILD"
"FAMILY OFFENSES";"FAILURE TO PROVIDE FOR PARENTS"
"FAMILY OFFENSES";"IMMORAL ACTS OR DRUNK IN PRESENCE OF CHILD"
"FAMILY OFFENSES";"MINOR WITHOUT PROPER PARENTAL CARE"
"FORGERY/COUNTERFEITING";"CHECKS OR LEGAL INSTRUMENTS, UTTERING FORGED"
"FORGERY/COUNTERFEITING";"CHECKS, FORGERY (FELONY)"
"FORGERY/COUNTERFEITING";"CHECKS, FORGERY (MISDEMEANOR)"
"FORGERY/COUNTERFEITING";"CHECKS, MAKE OR PASS FICTITIOUS"
"FORGERY/COUNTERFEITING";"CHECKS, POSSESSION WITH INTENT TO PASS"
"FORGERY/COUNTERFEITING";"CITIZENSHIP DOCUMENT, USING FALSE"
"FORGERY/COUNTERFEITING";"CITIZENSHIP OR ALIEN REGISTRATION, MAKING FALSE DOCUMENT"
"FORGERY/COUNTERFEITING";"COUNTERFEITING, COINS OR NOTES"
"FORGERY/COUNTERFEITING";"COUNTERFEITING, PLATES OR DIES"
"FORGERY/COUNTERFEITING";"COUNTERFEITING, POSSESSION COINS OR NOTES"
"FORGERY/COUNTERFEITING";"FALSIFICATION OF MEDICAL RECORDS"
"FORGERY/COUNTERFEITING";"FALSIFYING JUDICIAL & PUBLIC RECORDS & DOCUMENTS"
"FORGERY/COUNTERFEITING";"FINANCIAL STATEMENTS, FALSE"
"FORGERY/COUNTERFEITING";"FORGERY & COUNTERFEITING (GENERAL)"
"FORGERY/COUNTERFEITING";"FORGERY, DRIVERS LICENSE OR ID-CARD"
"FORGERY/COUNTERFEITING";"FORGERY, FALSE ENTRIES IN RECORDS OR RETURNS"
"FORGERY/COUNTERFEITING";"FORGERY, GOVERNMENT OR CORPORATE SEALS"
"FORGERY/COUNTERFEITING";"FORGERY, NOTES"
"FORGERY/COUNTERFEITING";"FORGERY, POSSESSION DRIVERS LICENSE OR ID-CARD"
"FORGERY/COUNTERFEITING";"IDENTIFICATION, GOVERNMENT, POSSESS, MAKE OR SELL FALSE"
"FORGERY/COUNTERFEITING";"MANUFACTURE OR SALE OF COUNTERFEIT GOODS"
"FORGERY/COUNTERFEITING";"MONEY, CHANGING FACE AMOUNT"
"FORGERY/COUNTERFEITING";"TELEPHONE OR TELEGRAPH MESSAGE, SENDING FALSE"
"FRAUD";"ACCESS CARD INFORMATION, PUBLICATION OF"
"FRAUD";"ACCESS CARD INFORMATION, THEFT OF"
"FRAUD";"AUDIOVISUAL (VIDEO OR SOUND) RECORDINGS, UNAUTHORIZED"
"FRAUD";"CABLE TV CONNECTION OR DECODING DEVICE, UNAUTHORIZED"
"FRAUD";"CELLULAR OR CORDLESS PHONE COMMUNICATIONS, INTERCEPTING"
"FRAUD";"CREDIT CARD, INCOMPLETE OR COUNTERFEIT"
"FRAUD";"CREDIT CARD, THEFT BY USE OF"
"FRAUD";"CREDIT CARD, THEFT OF"
"FRAUD";"CRIMES AGAINST REVENUE & PROPERTY OF STATE"
"FRAUD";"DEFRAUDING AN INNKEEPER"
"FRAUD";"DEFRAUDING OF VEHICLE REPAIRMAN"
"FRAUD";"EAVESDROPPING DEVICES, SALE OR USE"
"FRAUD";"FALSE CLAIMS, PRESENTING TO GOVERNMENT"
"FRAUD";"FALSE ID TO PEACE OFFICER"
"FRAUD";"FALSE PRETENSES, GRAND THEFT"
"FRAUD";"FALSE PRETENSES, PETTY THEFT"
"FRAUD";"FALSE REPORT OF EMERGENCY"
"FRAUD";"FALSE REPORT OF POLICE MISCONDUCT"
"FRAUD";"FALSE REPRESENTATION TO SECONDHAND DEALER"
"FRAUD";"FORGERY, CREDIT CARD"
"FRAUD";"FRAUDULENT AUCTION"
"FRAUD";"FRAUDULENT CREDIT APPLICATION"
"FRAUD";"FRAUDULENT USE OF AUTOMATED TELLER CARD"
"FRAUD";"IMPERSONATING A POLICE OFFICER"
"FRAUD";"IMPERSONATING FIRE DEPARTMENT MEMBER"
"FRAUD";"IMPERSONATING PUBLIC UTILITY MEMBER"
"FRAUD";"PRIVACY, INVASION OF  (GENERAL)"
"FRAUD";"PUBLIC UTILITY INFORMATION, FRAUDULENTLY OBTAINING"
"FRAUD";"PUTTING SLUGS IN COIN OPERATED MACHINES"
"FRAUD";"PUTTING SLUGS IN PARKING METERS"
"FRAUD";"PUTTING SLUGS IN TELEPHONE BOX"
"FRAUD";"REAL ESTATE FRAUD"
"FRAUD";"SHORT CHANGE, GRAND THEFT"
"FRAUD";"SHORT CHANGE, PETTY THEFT"
"FRAUD";"TRICK AND DEVICE, ATTEMPTED"
"FRAUD";"TRICK AND DEVICE, GRAND THEFT"
"FRAUD";"TRICK AND DEVICE, PETTY THEFT"
"GAMBLING";"BOOKMAKING"
"GAMBLING";"GAMBLING"
"GAMBLING";"POSSESSION OF GAMBLING DEVICES"
"GAMBLING";"POSSESSION OF GAMBLING PARAPHERNALIA"
"KIDNAPPING";"ATTEMPTED KIDNAPPING, ADULT VICTIM"
"KIDNAPPING";"ATTEMPTED KIDNAPPING, JUVENILE VICTIM"
"KIDNAPPING";"CHILD STEALING"
"KIDNAPPING";"FALSE IMPRISONMENT"
"KIDNAPPING";"KIDNAPPER, POSING AS"
"KIDNAPPING";"KIDNAPPING DURING CARJACKING"
"KIDNAPPING";"KIDNAPPING DURING ROBBERY"
"KIDNAPPING";"KIDNAPPING, ADULT VICTIM"
"KIDNAPPING";"KIDNAPPING, JUVENILE VICTIM"
"LARCENY/THEFT";"ATTEMPTED AUTO STRIP"
"LARCENY/THEFT";"ATTEMPTED GRAND THEFT FROM PERSON"
"LARCENY/THEFT";"ATTEMPTED GRAND THEFT PICKPOCKET"
"LARCENY/THEFT";"ATTEMPTED GRAND THEFT PURSESNATCH"
"LARCENY/THEFT";"ATTEMPTED MOTORCYCLE STRIP"
"LARCENY/THEFT";"ATTEMPTED PETTY THEFT OF PROPERTY"
"LARCENY/THEFT";"ATTEMPTED SHOPLIFTING"
"LARCENY/THEFT";"ATTEMPTED THEFT COIN OPERATED MACHINE"
"LARCENY/THEFT";"ATTEMPTED THEFT FROM A BUILDING"
"LARCENY/THEFT";"ATTEMPTED THEFT FROM LOCKED VEHICLE"
"LARCENY/THEFT";"ATTEMPTED THEFT FROM UNLOCKED VEHICLE"
"LARCENY/THEFT";"ATTEMPTED THEFT OF A BICYCLE"
"LARCENY/THEFT";"ATTEMPTED THEFT PHONE BOOTH"
"LARCENY/THEFT";"EMBEZZLEMENT FROM DEPENDENT OR ELDER ADULT BY CARETAKER"
"LARCENY/THEFT";"GRAND THEFT AUTO STRIP"
"LARCENY/THEFT";"GRAND THEFT BICYCLE"
"LARCENY/THEFT";"GRAND THEFT BY PROSTITUTE"
"LARCENY/THEFT";"GRAND THEFT COIN OPERATED MACHINE"
"LARCENY/THEFT";"GRAND THEFT FROM A BUILDING"
"LARCENY/THEFT";"GRAND THEFT FROM LOCKED AUTO"
"LARCENY/THEFT";"GRAND THEFT FROM PERSON"
"LARCENY/THEFT";"GRAND THEFT FROM UNLOCKED AUTO"
"LARCENY/THEFT";"GRAND THEFT MOTORCYCLE STRIP"
"LARCENY/THEFT";"GRAND THEFT OF PROPERTY"
"LARCENY/THEFT";"GRAND THEFT PHONE BOOTH"
"LARCENY/THEFT";"GRAND THEFT PICKPOCKET"
"LARCENY/THEFT";"GRAND THEFT PURSESNATCH"
"LARCENY/THEFT";"GRAND THEFT SHOPLIFTING"
"LARCENY/THEFT";"LICENSE PLATE OR TAB, THEFT OF"
"LARCENY/THEFT";"LOST PROPERTY, GRAND THEFT"
"LARCENY/THEFT";"LOST PROPERTY, PETTY THEFT"
"LARCENY/THEFT";"PETTY THEFT AUTO STRIP"
"LARCENY/THEFT";"PETTY THEFT BICYCLE"
"LARCENY/THEFT";"PETTY THEFT COIN OPERATED MACHINE"
"LARCENY/THEFT";"PETTY THEFT FROM A BUILDING"
"LARCENY/THEFT";"PETTY THEFT FROM LOCKED AUTO"
"LARCENY/THEFT";"PETTY THEFT FROM UNLOCKED AUTO"
"LARCENY/THEFT";"PETTY THEFT MOTORCYCLE STRIP"
"LARCENY/THEFT";"PETTY THEFT OF PROPERTY"
"LARCENY/THEFT";"PETTY THEFT PHONE BOOTH"
"LARCENY/THEFT";"PETTY THEFT SHOPLIFTING"
"LARCENY/THEFT";"PETTY THEFT WITH PRIOR"
"LARCENY/THEFT";"THEFT FROM MERCHANT OR LIBRARY"
"LARCENY/THEFT";"THEFT OF ANIMALS (GENERAL)"
"LARCENY/THEFT";"THEFT OF CHECKS OR CREDIT CARDS"
"LARCENY/THEFT";"THEFT OF COMPUTERS OR CELL PHONES"
"LARCENY/THEFT";"THEFT OF TELECOMMUNICATION SERVICES, INCL. CLONE PHONE"
"LARCENY/THEFT";"THEFT OF UTILITY SERVICES"
"LARCENY/THEFT";"THEFT OF WRITTEN INSTRUMENT"
"LARCENY/THEFT";"THEFT, ANIMAL, ATT."
"LARCENY/THEFT";"THEFT, BICYCLE, <$50, NO SERIAL NUMBER"
"LARCENY/THEFT";"THEFT, BICYCLE, <$50, SERIAL NUMBER KNOWN"
"LARCENY/THEFT";"THEFT, BOAT"
"LARCENY/THEFT";"THEFT, DRUNK ROLL, $200-$400"
"LARCENY/THEFT";"THEFT, DRUNK ROLL, $50-$200"
"LARCENY/THEFT";"THEFT, DRUNK ROLL, <$50"
"LARCENY/THEFT";"THEFT, DRUNK ROLL, >$400"
"LARCENY/THEFT";"THEFT, DRUNK ROLL, ATT."
"LARCENY/THEFT";"THEFT, GRAND, AGRICULTURAL"
"LARCENY/THEFT";"THEFT, GRAND, BY FIDUCIARY, >$400 IN 12 MONTHS"
"LARCENY/THEFT";"THEFT, GRAND, OF FIREARM"
"LARCENY/THEFT";"TRADE SECRETS, THEFT OR UNAUTHORIZED COPYING"
"LIQUOR LAWS";"ALCOHOLIC BEVERAGE, PROCURING SALE OF"
"LIQUOR LAWS";"CONSUMING ALCOHOL IN PUBLIC VIEW"
"LIQUOR LAWS";"FALSE EVIDENCE OF AGE BY MINOR"
"LIQUOR LAWS";"LICENSE REQUIRED TO SELL ALCOHOL"
"LIQUOR LAWS";"MINOR ON ON-SALE LICENSED PREMISE"
"LIQUOR LAWS";"MINOR PURCHASING ALCOHOL"
"LIQUOR LAWS";"MISCELLANEOUS LIQOUR LAW VIOLATION"
"LIQUOR LAWS";"POSSESSION OF ALCOHOL BY MINOR"
"LIQUOR LAWS";"SALE OF ALCOHOL AFTER HOURS"
"LIQUOR LAWS";"SALE OF ALCOHOL BY MINOR"
"LIQUOR LAWS";"SALE OF ALCOHOL TO MINOR"
"LIQUOR LAWS";"SALE OF ALCOHOL TO MINOR IN BAR"
"LIQUOR LAWS";"SELL OR FURNISH ALCOHOL TO INTOXICATED PERSON"
"LIQUOR LAWS";"UNLAWFUL TRANSPORTATION OF ALCOHOL"
"LOITERING";"BEGGING"
"LOITERING";"CASH DISPENSING MACHINES (ATM), LOITERING PROHIBI"
"LOITERING";"INCITING TO RIOT"
"LOITERING";"LODGING IN PARK"
"LOITERING";"LOITERING"
"LOITERING";"LOITERING ABOUT SCHOOL/PLAYGROUND"
"LOITERING";"LOITERS AROUND PUBLIC TOILET FOR LEWD ACT"
"LOITERING";"OBSTRUCTING HEALTH FACILITY, PLACE OF WORSHIP, OR SCHOOL"
"LOITERING";"OBSTRUCTING PUBLIC THOROUGHFARE"
"LOITERING";"REFUSING TO DISPERSE UPON LAWFUL COMMAND"
"LOITERING";"REMAINING ON CAMPUS WITHOUT CONSENT"
"LOITERING";"UNLAWFUL ASSEMBLY"
"MISSING PERSON";"FOUND PERSON"
"MISSING PERSON";"MISSING ADULT"
"MISSING PERSON";"MISSING JUVENILE"
"NON-CRIMINAL";"ACCIDENTAL BURNS"
"NON-CRIMINAL";"ACCIDENTAL SHOOTING"
"NON-CRIMINAL";"AIDED CASE"
"NON-CRIMINAL";"AIDED CASE -PROPERTY FOR DESTRUCTION"
"NON-CRIMINAL";"AIDED CASE, DOG BITE"
"NON-CRIMINAL";"AIDED CASE, INJURED PERSON"
"NON-CRIMINAL";"AIDED CASE, MENTAL DISTURBED"
"NON-CRIMINAL";"AIDED CASE, SICK PERSON"
"NON-CRIMINAL";"AUTO IMPOUNDED"
"NON-CRIMINAL";"CASE CLOSURE"
"NON-CRIMINAL";"CIVIL SIDEWALKS, BOOKING"
"NON-CRIMINAL";"CIVIL SIDEWALKS, CITATION"
"NON-CRIMINAL";"CIVIL SIDEWALKS, VIOLATION"
"NON-CRIMINAL";"CIVIL SIDEWALKS, WARNING"
"NON-CRIMINAL";"COURTESY REPORT"
"NON-CRIMINAL";"DEATH REPORT, CAUSE UNKNOWN"
"NON-CRIMINAL";"DEATH REPORT, IN CUSTODY"
"NON-CRIMINAL";"DEATH REPORT, NATURAL CAUSES"
"NON-CRIMINAL";"DEATH, ACCIDENTAL"
"NON-CRIMINAL";"DEATH, NON-MANSLAUGHTER AUTO ACCIDENT"
"NON-CRIMINAL";"DEMONSTRATION, VIDEO EVIDENCE, MISC. INVESTIGATION"
"NON-CRIMINAL";"FIRE REPORT"
"NON-CRIMINAL";"FOUND PROPERTY"
"NON-CRIMINAL";"IMPOUNDED VEHICLE"
"NON-CRIMINAL";"LICENSE PLATE, FOUND"
"NON-CRIMINAL";"LICENSE PLATE, RECOVERED"
"NON-CRIMINAL";"LOCATED PROPERTY"
"NON-CRIMINAL";"LOST PROPERTY"
"NON-CRIMINAL";"MEGAN'S LAW NOTIFICATION"
"NON-CRIMINAL";"MISPLACED VEHICLE"
"NON-CRIMINAL";"PROPERTY FOR IDENTIFICATION"
"NON-CRIMINAL";"SEARCH WARRANT SERVICE"
"NON-CRIMINAL";"SHELTER"
"NON-CRIMINAL";"STAY AWAY OR COURT ORDER, NON-DV RELATED"
"NON-CRIMINAL";"TARASOFF REPORT"
"NON-CRIMINAL";"TRAFFIC ACCIDENT"
"NON-CRIMINAL";"TRUANT, HABITUAL"
"NON-CRIMINAL";"TURNED IN GUN"
"NON-CRIMINAL";"YOUTH COURT"
"OTHER OFFENSES";"ABORTION"
"OTHER OFFENSES";"ACTS AGAINST PUBLIC TRANSIT"
"OTHER OFFENSES";"ADVERTISING DISTRIBUTORS PERMIT VIOLATION"
"OTHER OFFENSES";"AFFIXING ADVERTISMENTS TO POLES"
"OTHER OFFENSES";"AGGRESSIVE SOLICITING"
"OTHER OFFENSES";"AID OR HARBOR FELON"
"OTHER OFFENSES";"ANIMAL, FIGHTING"
"OTHER OFFENSES";"ANIMAL, WITHOUT PROPER CARE OR ATTENTION"
"OTHER OFFENSES";"BATHROOM HOLE, LOOKING THROUGH"
"OTHER OFFENSES";"BEYOND PARENTAL CONTROL"
"OTHER OFFENSES";"COMPUTER SYSTEM, ACCESSING, COPYING, OR DAMAGING"
"OTHER OFFENSES";"CONSPIRACY"
"OTHER OFFENSES";"CONTRIBUTING TO THE DELINQUENCY OF MINOR"
"OTHER OFFENSES";"CRUELTY TO ANIMALS"
"OTHER OFFENSES";"CURFEW VIOLATION"
"OTHER OFFENSES";"DANGER OF LEADING IMMORAL LIFE"
"OTHER OFFENSES";"DEFRAUDING TAXI DRIVER"
"OTHER OFFENSES";"DESTITUTE MINOR"
"OTHER OFFENSES";"DISCHARGING OFFENSIVE OR INJURIOUS SUBSTANCE IN PUBLIC AREA"
"OTHER OFFENSES";"DISPLAY & SALE OF SPRAY PAINT & MARKER PENS"
"OTHER OFFENSES";"DISRUPTS SCHOOL ACTIVITIES"
"OTHER OFFENSES";"DOG OR CAT, ABANDONMENT OF"
"OTHER OFFENSES";"DOG, BARKING"
"OTHER OFFENSES";"DOG, FIGHTING;  OWNING, FIGHTING, OR ATTENDING FIGHT"
"OTHER OFFENSES";"DOG, STRAY OR VICIOUS"
"OTHER OFFENSES";"DRIVERS LICENSE, SUSPENDED OR REVOKED"
"OTHER OFFENSES";"DRIVES VEHICLE ALONG TRACK OF RAILROAD"
"OTHER OFFENSES";"DRIVING, DRAG RACING"
"OTHER OFFENSES";"DRIVING, RECKLESS, WITH INJURY"
"OTHER OFFENSES";"DRUG OFFENDER, PRESENCE  NEAR SCHOOL GROUNDS"
"OTHER OFFENSES";"DUMPING OF OFFENSIVE MATTER"
"OTHER OFFENSES";"ESCAPE FROM HOSPITAL WITH FORCE"
"OTHER OFFENSES";"ESCAPE FROM JAIL"
"OTHER OFFENSES";"ESCAPE OF PRISONER WHILE HOSPITALIZED"
"OTHER OFFENSES";"ESCAPE OR ASSISTING ESCAPE"
"OTHER OFFENSES";"ESCAPEE, JUVENILE"
"OTHER OFFENSES";"ESCAPES"
"OTHER OFFENSES";"EVADING A POLICE OFFICER RECKLESSLY"
"OTHER OFFENSES";"EVADING A POLICE OFFICER, INJURY OR DEATH"
"OTHER OFFENSES";"EVADING A POLICE VEHICLE OR BICYCLE"
"OTHER OFFENSES";"EVADING PAYMENT OF RAILROAD FARE"
"OTHER OFFENSES";"FAILURE TO HEED RED LIGHT AND SIREN"
"OTHER OFFENSES";"FAILURE TO REGISTER AS SEX OFFENDER"
"OTHER OFFENSES";"FALSE EVIDENCE OF VEHICLE REGISTRATION"
"OTHER OFFENSES";"FALSE FIRE ALARM"
"OTHER OFFENSES";"FALSE PERSONATION"
"OTHER OFFENSES";"FALSE PERSONATION AND CHEAT CRIMES (GENERAL)"
"OTHER OFFENSES";"FALSE PERSONATION TO RECEIVE MONEY OR PROPERTY"
"OTHER OFFENSES";"FALSE REPORT OF BOMB"
"OTHER OFFENSES";"FALSE REPORT OF CRIME"
"OTHER OFFENSES";"FIREARMS, SEIZING AT SCENE OF DV"
"OTHER OFFENSES";"FIREWORKS, THROW AT PERSON OR DISCHARGE IN CROWD"
"OTHER OFFENSES";"FOOD STAMPS, MISUSE OF"
"OTHER OFFENSES";"FORTUNE TELLING"
"OTHER OFFENSES";"FRAUDULENT GAME OR TRICK, OBTAINING MONEY OR PROPERTY"
"OTHER OFFENSES";"GUIDE DOG, INTERFERING WITH"
"OTHER OFFENSES";"HABITUAL TRUANT"
"OTHER OFFENSES";"HARASSING PHONE CALLS"
"OTHER OFFENSES";"HAZARDOUS MATERIALS,  DUMP ANY SUBSTANCE INTO WATER"
"OTHER OFFENSES";"HAZARDOUS MATERIALS, DUMP OIL INTO SEWERS"
"OTHER OFFENSES";"HAZARDOUS MATERIALS, DUMPING IN UNAUTHORIZED LOCATION"
"OTHER OFFENSES";"HAZARDOUS MATERIALS, DUMPING IN UNAUTHORIZED LOCATN"
"OTHER OFFENSES";"HAZARDOUS MATERIALS, FAILURE TO COMPLY W/REGULATIONS"
"OTHER OFFENSES";"HAZARDOUS MATERIALS, SPILL LOAD"
"OTHER OFFENSES";"HAZARDOUS MATERIALS, SPILL ON ROADWAY"
"OTHER OFFENSES";"HAZARDOUS SUBSTANCES, DEPOSITING"
"OTHER OFFENSES";"HEATING VIOLATION  APT/HOTEL"
"OTHER OFFENSES";"ILLEGAL CHARITABLE SOLICITATIONS"
"OTHER OFFENSES";"INCIDENT ON SCHOOL GROUNDS"
"OTHER OFFENSES";"INDECENT EXPOSURE"
"OTHER OFFENSES";"INDECENT EXPOSURE (JUVENILE VICTIM)"
"OTHER OFFENSES";"INDECENT EXPOSURE WITH PRIOR CONVICTION"
"OTHER OFFENSES";"INJURY TO RAILROADS/RAILROAD BRIDGES"
"OTHER OFFENSES";"INJURY TO TELEGRAPH/TELEPHONE LINES"
"OTHER OFFENSES";"INSURED PROPERTY, DESTRUCTION TO DEFRAUD INSURER"
"OTHER OFFENSES";"INTERFERRING WITH A FIREMAN"
"OTHER OFFENSES";"INTERFERRING WITH A POLICE OFFICER"
"OTHER OFFENSES";"INTOXICATED JUVENILE"
"OTHER OFFENSES";"JUDGE/JUROR ACCEPTING A BRIBE"
"OTHER OFFENSES";"JUVENILE PAROLE VIOLATOR"
"OTHER OFFENSES";"LICENSE PLATE, STOLEN"
"OTHER OFFENSES";"LOST/STOLEN LICENSE PLATE"
"OTHER OFFENSES";"LOUDSPEAKER OR SOUND TRUCK PERMIT VIOLATION"
"OTHER OFFENSES";"LYNCHING BY RIOT"
"OTHER OFFENSES";"MASSAGE ESTABLISHMENT PERMIT VIOLATION"
"OTHER OFFENSES";"MINOR PURCHASING OR RECEIVING TOBACCO PRODUCT"
"OTHER OFFENSES";"MISCELLANEOUS INVESTIGATION"
"OTHER OFFENSES";"MISCELLANEOUS STATE FELONY"
"OTHER OFFENSES";"MISCELLANEOUS STATE MISDEMEANOR"
"OTHER OFFENSES";"MONEY, PROPERTY OR LABOR, FRAUDULENTLY OBTAINING"
"OTHER OFFENSES";"OBSCENE PHONE CALLS(S)"
"OTHER OFFENSES";"OBSTRUCTIONS ON STREETS/SIDEWALKS"
"OTHER OFFENSES";"OPEN CONTAINER OF ALCOHOL IN VEHICLE"
"OTHER OFFENSES";"OPERATING TAXI WITHOUT A PERMIT"
"OTHER OFFENSES";"OPERATING WITHOUT CABARET PERMIT"
"OTHER OFFENSES";"OPERATING WITHOUT DANCEHALL PERMIT"
"OTHER OFFENSES";"OTHER OFFENSES AGAINST PUBLIC JUSTICE"
"OTHER OFFENSES";"OVERCHARGING TAXI FARE"
"OTHER OFFENSES";"PAROLE VIOLATION"
"OTHER OFFENSES";"PEDDLING WITHOUT A LICENSE"
"OTHER OFFENSES";"PEEPING TOM"
"OTHER OFFENSES";"PERJURY"
"OTHER OFFENSES";"PERMIT VIOLATION, ENTERTAINMENT"
"OTHER OFFENSES";"PERMIT VIOLATION, POLICE (GENERAL)"
"OTHER OFFENSES";"PERMIT VIOLATION, SIDEWALK SALES"
"OTHER OFFENSES";"PERMIT VIOLATION, VALET PARKING"
"OTHER OFFENSES";"PHONE CALLS IN VIOLATION OF DV COURT ORDER"
"OTHER OFFENSES";"PHONE CALLS, HARASSING, TO 911"
"OTHER OFFENSES";"PHONE CALLS, OBSCENE"
"OTHER OFFENSES";"PLACING TRASH ON THE STREET"
"OTHER OFFENSES";"POISONING ANIMALS"
"OTHER OFFENSES";"POLICE BROADCAST, INTERCEPTION TO COMMIT CRIME"
"OTHER OFFENSES";"POSSESSION OF ARTICLES WITH IDENTIFICATION REMOVE"
"OTHER OFFENSES";"POSSESSION OF BURGLARY TOOLS"
"OTHER OFFENSES";"POSSESSION OF BURGLARY TOOLS W/PRIORS"
"OTHER OFFENSES";"POSSESSION OF FIRECRACKERS"
"OTHER OFFENSES";"PROBATION VIOLATION"
"OTHER OFFENSES";"PROBATION VIOLATION, DV RELATED"
"OTHER OFFENSES";"PUBLIC TRANSIT CRIMES - INFRACTIONS"
"OTHER OFFENSES";"PUSH-CART PEDDLER PERMIT VIOLATION"
"OTHER OFFENSES";"RECKLESS DRIVING"
"OTHER OFFENSES";"REFUSAL TO IDENTIFY"
"OTHER OFFENSES";"RESCUING PRISONER FROM LAWFUL CUSTODY"
"OTHER OFFENSES";"RESISTING ARREST"
"OTHER OFFENSES";"RESTRAINING ORDER NOTIFICATION/SERVICE OF RESTRAINING ORDER"
"OTHER OFFENSES";"RIOT"
"OTHER OFFENSES";"SALE OF SATELLITE TELEPHONE NUMBER"
"OTHER OFFENSES";"SCALPING TICKETS"
"OTHER OFFENSES";"SCHOOL GROUNDS, ENTRY BY SEX OFFENDER"
"OTHER OFFENSES";"SCHOOL PROPERTY, DISTURBANCE ON"
"OTHER OFFENSES";"SCHOOL STUDENT OR EMPLOYEE ENTERING  CAMPUS AFTER SUSPENSION OR DISMISSAL"
"OTHER OFFENSES";"SCHOOL, PUBLIC, TRESPASS"
"OTHER OFFENSES";"SELLING RESTRICTED GLUE TO JUVENILES"
"OTHER OFFENSES";"SELLING/DISCHARGING OF FIRECRACKERS"
"OTHER OFFENSES";"SOLICITING COMMISSION OF A CRIME"
"OTHER OFFENSES";"SOLICITING MINOR TO COMMIT FELONY"
"OTHER OFFENSES";"SPEEDING"
"OTHER OFFENSES";"SPITTING ON SIDEWALK"
"OTHER OFFENSES";"STAY AWAY ORDER VIOLATION, DV RELATED"
"OTHER OFFENSES";"TAKING CONTRABAND INTO A REFORMATORY"
"OTHER OFFENSES";"TAMPERING WITH A VEHICLE"
"OTHER OFFENSES";"TAMPERING WITH MAIL"
"OTHER OFFENSES";"THROWING INJURIOUS SUBSTANCE ON HIGHWAY"
"OTHER OFFENSES";"THROWING OBJECT AT COMMON CARRIER, PASSENGER OR FREIGHT"
"OTHER OFFENSES";"THROWING SUBSTANCE AT VEHICLE"
"OTHER OFFENSES";"TOBACCO PRODUCTS, SELLING OR FURNISHING TO MINOR"
"OTHER OFFENSES";"TRAFFIC COLLISION, HIT & RUN, INJURY"
"OTHER OFFENSES";"TRAFFIC COLLISION, HIT & RUN, PROPERTY DAMAGE"
"OTHER OFFENSES";"TRAFFIC VIOLATION"
"OTHER OFFENSES";"TRAFFIC VIOLATION ARREST"
"OTHER OFFENSES";"UNAUTHORIZED USE OF LOUD SPEAKERS"
"OTHER OFFENSES";"UNKNOWN COMPLAINT"
"OTHER OFFENSES";"VEHICLE ALARM CODE GRABBING DEVICE, POSSESS OR USE"
"OTHER OFFENSES";"VEHICLE, DISABLED PLACARD VIOLATION"
"OTHER OFFENSES";"VIN SWITCH"
"OTHER OFFENSES";"VIN, ALTER OR REMOVE"
"OTHER OFFENSES";"VIOLATION OF CALIF UNEMPLOYMENT INSURANCE ACT"
"OTHER OFFENSES";"VIOLATION OF CIVIL GANG INJUNCTION"
"OTHER OFFENSES";"VIOLATION OF EMERGENCY PROTECTIVE ORDER"
"OTHER OFFENSES";"VIOLATION OF FEDERAL STATUTE"
"OTHER OFFENSES";"VIOLATION OF FIRE CODE"
"OTHER OFFENSES";"VIOLATION OF MUNICIPAL CODE"
"OTHER OFFENSES";"VIOLATION OF MUNICIPAL POLICE CODE"
"OTHER OFFENSES";"VIOLATION OF PARK CODE"
"OTHER OFFENSES";"VIOLATION OF RESTRAINING ORDER"
"OTHER OFFENSES";"VIOLATION OF STATE LABOR CODE"
"OTHER OFFENSES";"VIOLATION OF STAY AWAY ORDER"
"OTHER OFFENSES";"WEARING MASK OR DISGUISE FOR UNLAWFUL PURPOSE"
"OTHER OFFENSES";"WEARING THE APPAREL OF OPPOSITE SEX TO DECEIVE"
"PORNOGRAPHY/OBSCENE MAT";"OBSCENE MOVIES/ACTS"
"PORNOGRAPHY/OBSCENE MAT";"OBSCENE OR LEWD PLAYS/PERFORMANCES"
"PORNOGRAPHY/OBSCENE MAT";"POSSESSION OF OBSCENE MATTER FOR SALE"
"PROSTITUTION";"DISORDERLY HOUSE, KEEPING"
"PROSTITUTION";"ENGAGING IN LEWD CONDUCT - PROSTITUTION RELATED"
"PROSTITUTION";"HUMAN TRAFFICKING"
"PROSTITUTION";"INDECENT EXPOSURE - PROSTITUTION RELATED"
"PROSTITUTION";"INMATE/KEEPER OF HOUSE OF PROSTITUTION"
"PROSTITUTION";"LOITERING FOR PURPOSE OF PROSTITUTION"
"PROSTITUTION";"PANDERING"
"PROSTITUTION";"PIMPING"
"PROSTITUTION";"PLACING WIFE IN HOUSE OF PROSTITUTION"
"PROSTITUTION";"PROCUREMENT, PIMPING, & PANDERING"
"PROSTITUTION";"PURCHASE FEMALE FOR THE PURPOSE OF PROSTITUTION"
"PROSTITUTION";"SOLICITS FOR ACT OF PROSTITUTION"
"PROSTITUTION";"SOLICITS LEWD ACT"
"PROSTITUTION";"SOLICITS TO VISIT HOUSE OF PROSTITUTION"
"RECOVERED VEHICLE";"RECOVERED VEHICLE - STOLEN OUTSIDE SF"
"RECOVERED VEHICLE";"VEHICLE, RECOVERED, AUTO"
"RECOVERED VEHICLE";"VEHICLE, RECOVERED, CAMPER-HOUSE CAR-MOTOR HOME"
"RECOVERED VEHICLE";"VEHICLE, RECOVERED, MOBILE HOME-TRAILER"
"RECOVERED VEHICLE";"VEHICLE, RECOVERED, MOTORCYCLE"
"RECOVERED VEHICLE";"VEHICLE, RECOVERED, OTHER VEHICLE"
"ROBBERY";"ASSAULT TO ROB BANK WITH A GUN"
"ROBBERY";"ASSAULT TO ROB WITH BODILY FORCE"
"ROBBERY";"ATTEMPTED ROBBERY CHAIN STORE WITH A GUN"
"ROBBERY";"ATTEMPTED ROBBERY CHAIN STORE WITH A KNIFE"
"ROBBERY";"ATTEMPTED ROBBERY CHAIN STORE WITH BODILY FORCE"
"ROBBERY";"ATTEMPTED ROBBERY CHAIN STORE WITH DEADLY WEAPON"
"ROBBERY";"ATTEMPTED ROBBERY COMM. ESTAB. WITH BODILY FORCE"
"ROBBERY";"ATTEMPTED ROBBERY COMM. ESTAB. WITH DEADLY WEAPON"
"ROBBERY";"ATTEMPTED ROBBERY COMM. ESTABLISHMENT W/KNIFE"
"ROBBERY";"ATTEMPTED ROBBERY COMM. ESTABLISHMENT WITH A GUN"
"ROBBERY";"ATTEMPTED ROBBERY OF A BANK WITH A DEADLY WEAPON"
"ROBBERY";"ATTEMPTED ROBBERY OF A BANK WITH A GUN"
"ROBBERY";"ATTEMPTED ROBBERY OF A BANK WITH A KNIFE"
"ROBBERY";"ATTEMPTED ROBBERY OF A BANK WITH BODILY FORCE"
"ROBBERY";"ATTEMPTED ROBBERY ON THE STREET W/DEADLY WEAPON"
"ROBBERY";"ATTEMPTED ROBBERY ON THE STREET WITH A GUN"
"ROBBERY";"ATTEMPTED ROBBERY ON THE STREET WITH A KNIFE"
"ROBBERY";"ATTEMPTED ROBBERY ON THE STREET WITH BODILY FORCE"
"ROBBERY";"ATTEMPTED ROBBERY RESIDENCE WITH A DEADLY WEAPON"
"ROBBERY";"ATTEMPTED ROBBERY RESIDENCE WITH A GUN"
"ROBBERY";"ATTEMPTED ROBBERY RESIDENCE WITH A KNIFE"
"ROBBERY";"ATTEMPTED ROBBERY RESIDENCE WITH BODILY FORCE"
"ROBBERY";"ATTEMPTED ROBBERY SERVICE STATION W/BODILY FORCE"
"ROBBERY";"ATTEMPTED ROBBERY SERVICE STATION W/DEADLY WEAPON"
"ROBBERY";"ATTEMPTED ROBBERY SERVICE STATION WITH A GUN"
"ROBBERY";"ATTEMPTED ROBBERY SERVICE STATION WITH A KNIFE"
"ROBBERY";"ATTEMPTED ROBBERY WITH A DEADLY WEAPON"
"ROBBERY";"ATTEMPTED ROBBERY WITH A GUN"
"ROBBERY";"ATTEMPTED ROBBERY WITH A KNIFE"
"ROBBERY";"ATTEMPTED ROBBERY WITH BODILY FORCE"
"ROBBERY";"CARJACKING WITH A DANGEROUS WEAPON"
"ROBBERY";"CARJACKING WITH A GUN"
"ROBBERY";"CARJACKING WITH A KNIFE"
"ROBBERY";"CARJACKING WITH BODILY FORCE"
"ROBBERY";"ROBBERY OF A BANK WITH A DANGEROUS WEAPON"
"ROBBERY";"ROBBERY OF A BANK WITH A GUN"
"ROBBERY";"ROBBERY OF A BANK WITH A KNIFE"
"ROBBERY";"ROBBERY OF A BANK WITH BODILY FORCE"
"ROBBERY";"ROBBERY OF A CHAIN STORE WITH A DANGEROUS WEAPON"
"ROBBERY";"ROBBERY OF A CHAIN STORE WITH A GUN"
"ROBBERY";"ROBBERY OF A CHAIN STORE WITH A KNIFE"
"ROBBERY";"ROBBERY OF A CHAIN STORE WITH BODILY FORCE"
"ROBBERY";"ROBBERY OF A COMMERCIAL ESTABLISHMENT W/ A KNIFE"
"ROBBERY";"ROBBERY OF A COMMERCIAL ESTABLISHMENT W/ WEAPON"
"ROBBERY";"ROBBERY OF A COMMERCIAL ESTABLISHMENT WITH A GUN"
"ROBBERY";"ROBBERY OF A COMMERCIAL ESTABLISHMENT, STRONGARM"
"ROBBERY";"ROBBERY OF A RESIDENCE WITH A DANGEROUS WEAPON"
"ROBBERY";"ROBBERY OF A RESIDENCE WITH A GUN"
"ROBBERY";"ROBBERY OF A RESIDENCE WITH A KNIFE"
"ROBBERY";"ROBBERY OF A RESIDENCE WITH BODILY FORCE"
"ROBBERY";"ROBBERY OF A SERVICE STATION W/DANGEROUS WEAPON"
"ROBBERY";"ROBBERY OF A SERVICE STATION WITH A GUN"
"ROBBERY";"ROBBERY OF A SERVICE STATION WITH A KNIFE"
"ROBBERY";"ROBBERY OF A SERVICE STATION WITH BODILY FORCE"
"ROBBERY";"ROBBERY ON THE STREET WITH A DANGEROUS WEAPON"
"ROBBERY";"ROBBERY ON THE STREET WITH A GUN"
"ROBBERY";"ROBBERY ON THE STREET WITH A KNIFE"
"ROBBERY";"ROBBERY ON THE STREET, STRONGARM"
"ROBBERY";"ROBBERY,  ATM, FORCE, ATT."
"ROBBERY";"ROBBERY,  ATM, GUN"
"ROBBERY";"ROBBERY,  ATM, GUN, ATT."
"ROBBERY";"ROBBERY,  ATM, KNIFE"
"ROBBERY";"ROBBERY,  ATM, KNIFE, ATT."
"ROBBERY";"ROBBERY,  ATM, OTHER WEAPON"
"ROBBERY";"ROBBERY, ARMED WITH A DANGEROUS WEAPON"
"ROBBERY";"ROBBERY, ARMED WITH A GUN"
"ROBBERY";"ROBBERY, ARMED WITH A KNIFE"
"ROBBERY";"ROBBERY, BODILY FORCE"
"ROBBERY";"ROBBERY, VEHICLE FOR HIRE, ATT., W/ FORCE"
"ROBBERY";"ROBBERY, VEHICLE FOR HIRE, ATT., W/ GUN"
"ROBBERY";"ROBBERY, VEHICLE FOR HIRE, ATT., W/ OTHER WEAPON"
"ROBBERY";"SHOPLIFTING, FORCE AGAINST AGENT"
"RUNAWAY";"RUNAWAY"
"SECONDARY CODES";"ASSAULT BY JUVENILE SUSPECT"
"SECONDARY CODES";"ATM RELATED CRIME"
"SECONDARY CODES";"BATTERY BY JUVENILE SUSPECT"
"SECONDARY CODES";"DOMESTIC VIOLENCE"
"SECONDARY CODES";"GANG ACTIVITY"
"SECONDARY CODES";"JUVENILE INVOLVED"
"SECONDARY CODES";"PREJUDICE-BASED INCIDENT"
"SECONDARY CODES";"SHOOTING BY JUVENILE SUSPECT"
"SECONDARY CODES";"WEAPONS POSSESSION BY JUVENILE SUSPECT"
"SEX OFFENSES FORCIBLE";"ANNOY OR MOLEST CHILDREN"
"SEX OFFENSES FORCIBLE";"ASSAULT TO COMMIT MAYHEM OR SPECIFIC SEX OFFENSES"
"SEX OFFENSES FORCIBLE";"ASSAULT TO RAPE WITH A DANGEROUS WEAPON"
"SEX OFFENSES FORCIBLE";"ASSAULT TO RAPE WITH A GUN"
"SEX OFFENSES FORCIBLE";"ASSAULT TO RAPE WITH A SHARP INSTRUMENT"
"SEX OFFENSES FORCIBLE";"ASSAULT TO RAPE WITH BODILY FORCE"
"SEX OFFENSES FORCIBLE";"ATTEMPTED RAPE WITH A GUN"
"SEX OFFENSES FORCIBLE";"ATTEMPTED RAPE, ARMED WITH A DANGEROUS WEAPON"
"SEX OFFENSES FORCIBLE";"ATTEMPTED RAPE, ARMED WITH A SHARP INSTRUMENT"
"SEX OFFENSES FORCIBLE";"ATTEMPTED RAPE, BODILY FORCE"
"SEX OFFENSES FORCIBLE";"BIGAMY, INCEST, AND THE CRIME AGAINST NATURE (GENERAL)"
"SEX OFFENSES FORCIBLE";"CHILD ABUSE SEXUAL"
"SEX OFFENSES FORCIBLE";"CHILD ABUSE, EXPLOITATION"
"SEX OFFENSES FORCIBLE";"CHILD ABUSE, PORNOGRAPHY"
"SEX OFFENSES FORCIBLE";"ENGAGING IN LEWD ACT"
"SEX OFFENSES FORCIBLE";"FORCIBLE RAPE, ARMED WITH A DANGEROUS WEAPON"
"SEX OFFENSES FORCIBLE";"FORCIBLE RAPE, ARMED WITH A GUN"
"SEX OFFENSES FORCIBLE";"FORCIBLE RAPE, ARMED WITH A SHARP INSTRUMENT"
"SEX OFFENSES FORCIBLE";"FORCIBLE RAPE, BODILY FORCE"
"SEX OFFENSES FORCIBLE";"ORAL COPULATION"
"SEX OFFENSES FORCIBLE";"ORAL COPULATION, UNLAWFUL (ADULT VICTIM)"
"SEX OFFENSES FORCIBLE";"PENETRATION, FORCED, WITH OBJECT"
"SEX OFFENSES FORCIBLE";"RAPE, SPOUSAL"
"SEX OFFENSES FORCIBLE";"SEXUAL ASSAULT, ADMINISTERING DRUG TO COMMIT"
"SEX OFFENSES FORCIBLE";"SEXUAL ASSAULT, AGGRAVATED, OF CHILD"
"SEX OFFENSES FORCIBLE";"SEXUAL BATTERY"
"SEX OFFENSES FORCIBLE";"SODOMY"
"SEX OFFENSES FORCIBLE";"SODOMY (ADULT VICTIM)"
"SEX OFFENSES NON FORCIBLE";"INCEST"
"SEX OFFENSES NON FORCIBLE";"OBSCENE MATTER, DISTRIBUTION TO MINORS"
"SEX OFFENSES NON FORCIBLE";"SEXUAL CONTACT WITH PATIENT, FORMER PATIENT"
"SEX OFFENSES NON FORCIBLE";"UNLAWFUL SEXUAL INTERCOURSE"
"STOLEN PROPERTY";"RECEIVING STOLEN PROPERTY"
"STOLEN PROPERTY";"STOLEN ACCESS CARD, POSSESSION"
"STOLEN PROPERTY";"STOLEN CELLULAR PHONE, NON-CLONED, POSSESSION"
"STOLEN PROPERTY";"STOLEN CHECKS, POSSESSION"
"STOLEN PROPERTY";"STOLEN COMPUTER, POSSESSION"
"STOLEN PROPERTY";"STOLEN ELECTRONICS, POSSESSION"
"STOLEN PROPERTY";"STOLEN METALS, RECEIVING"
"STOLEN PROPERTY";"STOLEN PROPERTY, POSSESSION WITH KNOWLEDGE, RECEIVING"
"SUICIDE";"ATTEMPTED SUICIDE"
"SUICIDE";"ATTEMPTED SUICIDE BY ASPHYXIATION"
"SUICIDE";"ATTEMPTED SUICIDE BY DROWNING"
"SUICIDE";"ATTEMPTED SUICIDE BY FIRE"
"SUICIDE";"ATTEMPTED SUICIDE BY FIREARMS"
"SUICIDE";"ATTEMPTED SUICIDE BY INGESTION"
"SUICIDE";"ATTEMPTED SUICIDE BY JUMPING"
"SUICIDE";"ATTEMPTED SUICIDE BY LACERATION"
"SUICIDE";"ATTEMPTED SUICIDE BY STRANGULATION"
"SUICIDE";"SUICIDE"
"SUICIDE";"SUICIDE BY ASPHYXIATION"
"SUICIDE";"SUICIDE BY DROWNING"
"SUICIDE";"SUICIDE BY FIRE"
"SUICIDE";"SUICIDE BY FIREARMS"
"SUICIDE";"SUICIDE BY INGESTION"
"SUICIDE";"SUICIDE BY JUMPING"
"SUICIDE";"SUICIDE BY LACERATION"
"SUICIDE";"SUICIDE BY STRANGULATION"
"SUSPICIOUS OCC";"INVESTIGATIVE DETENTION"
"SUSPICIOUS OCC";"SUSPICIOUS ACT TOWARDS CHILD"
"SUSPICIOUS OCC";"SUSPICIOUS ACT TOWARDS FEMALE"
"SUSPICIOUS OCC";"SUSPICIOUS AUTO, POSSIBLY SEX"
"SUSPICIOUS OCC";"SUSPICIOUS OCCURRENCE"
"SUSPICIOUS OCC";"SUSPICIOUS OCCURRENCE, POSSIBLE SHOTS FIRED"
"SUSPICIOUS OCC";"SUSPICIOUS PERSON"
"SUSPICIOUS OCC";"UNUSUAL OCCURENCE"
"TREA";"TRESPASSING OR LOITERING NEAR POSTED INDUSTRIAL PROPERTY"
"TRESPASS";"DISASTER AREA, ENTERING OR REMAINING IN"
"TRESPASS";"LODGING WITHOUT PERMISSION"
"TRESPASS";"LOITERING WITHOUT LAWFUL BUSINESS WITH OWNER OR OCCUPANT"
"TRESPASS";"TRESPASSING"
"TRESPASS";"TRESPASSING ON RAILROAD TRAINS"
"VANDALISM";"AEROSOL CONTAINER; SALE, PURCHASE OR POSSESSION OF"
"VANDALISM";"BALLOONS, ELECTRICALLY CONDUCTIVE"
"VANDALISM";"DAMAGE TO FIRE ALARM APPARATUS"
"VANDALISM";"DAMAGE TO MAIL BOX"
"VANDALISM";"DAMAGE TO PARKING METERS"
"VANDALISM";"DAMAGE/DESTRUCTION OF MAIL"
"VANDALISM";"DESTROYING JAIL PROPERTY-$200 OR UNDER"
"VANDALISM";"DESTROYING JAIL PROPERTY-OVER $200"
"VANDALISM";"ELECTRICAL  OR GAS LINES, INTERFERING WITH"
"VANDALISM";"GRAFFITI ON GOVERNMENT VEHICLES OR PUBLIC TRANSPORTATION"
"VANDALISM";"MALICIOUS MISCHIEF"
"VANDALISM";"MALICIOUS MISCHIEF, ADULT SUSPECT"
"VANDALISM";"MALICIOUS MISCHIEF, BREAKING WINDOWS"
"VANDALISM";"MALICIOUS MISCHIEF, BREAKING WINDOWS WITH BB GUN"
"VANDALISM";"MALICIOUS MISCHIEF, BUILDING UNDER CONSTRUCTION"
"VANDALISM";"MALICIOUS MISCHIEF, FICTITIOUS PHONE CALLS"
"VANDALISM";"MALICIOUS MISCHIEF, GRAFFITI"
"VANDALISM";"MALICIOUS MISCHIEF, JUVENILE SUSPECT"
"VANDALISM";"MALICIOUS MISCHIEF, STREET CARS/BUSES"
"VANDALISM";"MALICIOUS MISCHIEF, TIRE SLASHING"
"VANDALISM";"MALICIOUS MISCHIEF, VANDALISM"
"VANDALISM";"MALICIOUS MISCHIEF, VANDALISM OF VEHICLES"
"VANDALISM";"VANDALISM OR GRAFFITI ON OR WITHIN 100 FT OF HIGHWAY"
"VANDALISM";"VANDALISM OR GRAFFITI TOOLS, POSSESSION"
"VANDALISM";"VANDALISM WITH NOXIOUS CHEMICAL"
"VEHICLE THEFT";"ATTEMPTED STOLEN VEHICLE"
"VEHICLE THEFT";"AUTO, GRAND THEFT OF"
"VEHICLE THEFT";"RECOVERED VEHICLE - STOLEN OUTSIDE SF"
"VEHICLE THEFT";"STOLEN AND RECOVERED VEHICLE"
"VEHICLE THEFT";"STOLEN AUTOMOBILE"
"VEHICLE THEFT";"STOLEN BUS"
"VEHICLE THEFT";"STOLEN MISCELLANEOUS VEHICLE"
"VEHICLE THEFT";"STOLEN MOTORCYCLE"
"VEHICLE THEFT";"STOLEN TRAILER"
"VEHICLE THEFT";"STOLEN TRUCK"
"VEHICLE THEFT";"TAMPERING WITH A VEHICLE"
"VEHICLE THEFT";"VEHICLE, RECOVERED, AUTO"
"VEHICLE THEFT";"VEHICLE, RECOVERED, BUS"
"VEHICLE THEFT";"VEHICLE, RECOVERED, CAMPER-HOUSE CAR-MOTOR HOME"
"VEHICLE THEFT";"VEHICLE, RECOVERED, MOBILE HOME-TRAILER"
"VEHICLE THEFT";"VEHICLE, RECOVERED, MOTORCYCLE"
"VEHICLE THEFT";"VEHICLE, RECOVERED, OTHER VEHICLE"
"VEHICLE THEFT";"VEHICLE, RENTAL, FAILURE TO RETURN"
"WARRANTS";"ENROUTE TO ADULT AUTHORITY"
"WARRANTS";"ENROUTE TO DEPARTMENT OF CORRECTIONS"
"WARRANTS";"ENROUTE TO OUTSIDE JURISDICTION"
"WARRANTS";"ENROUTE TO PAROLE OFFICER"
"WARRANTS";"ENROUTE TO PROBATION OFFICER"
"WARRANTS";"ENROUTE TO U.S. MARSHALL"
"WARRANTS";"PAROLE SEARCH"
"WARRANTS";"POST RELEASE COMMUNITY SUPERVISION"
"WARRANTS";"PROBATION SEARCH"
"WARRANTS";"WARRANT ARREST"
"WEAPON LAWS";"AMMUNITION, POSS. BY PROHIBITED PERSON"
"WEAPON LAWS";"ARMOR PENETRATING AMMUNITION, POSSESSION"
"WEAPON LAWS";"CARRYING A CONCEALED WEAPON"
"WEAPON LAWS";"CARRYING OF CONCEALED WEAPON BY CONVICTED FELON"
"WEAPON LAWS";"COMMISSION OF FELONY WHILE ARMED"
"WEAPON LAWS";"DESTRUCTION OF PROPERTY WITH EXPLOSIVES"
"WEAPON LAWS";"DESTRUCTIVE DEVICE, POSSESSION OF MATERIALS"
"WEAPON LAWS";"DISCHARGE FIREARM AT AN INHABITED DWELLING"
"WEAPON LAWS";"DISCHARGE FIREARM WITHIN CITY LIMITS"
"WEAPON LAWS";"EXHIBITING DEADLY WEAPON IN A THREATING MANNER"
"WEAPON LAWS";"FIREARM POSSESSION IN SCHOOL ZONE"
"WEAPON LAWS";"FIREARM WITH ALTERED IDENTIFICATION"
"WEAPON LAWS";"FIREARM, ARMED WHILE POSSESSING CONTROLLED SUBSTANCE"
"WEAPON LAWS";"FIREARM, CARRYING LOADED WITH INTENT TO COMMIT FELONY"
"WEAPON LAWS";"FIREARM, LOADED, IN VEHICLE, POSSESSION OR USE"
"WEAPON LAWS";"FIREARM, NEGLIGENT DISCHARGE"
"WEAPON LAWS";"FIREARM, POSSESSION OF WHILE WEARING MASK"
"WEAPON LAWS";"FLAMMABLE OR EXPLOSIVE DEVICE, POSSESSION"
"WEAPON LAWS";"ILLEGAL TRANSPORTAION OF EXPLOSIVES"
"WEAPON LAWS";"LOCATED EXPLOSIVE DEVICE"
"WEAPON LAWS";"LOITERING WHILE CARRYING CONCEALED WEAPON"
"WEAPON LAWS";"POSS OF DEADLY WEAPON WITH INTENT TO ASSAULT"
"WEAPON LAWS";"POSS OF FIRE BOMB"
"WEAPON LAWS";"POSS OF FIREARM BY CONVICTED FELON/ADDICT/ALIEN"
"WEAPON LAWS";"POSS OF FIREARM SILENCER"
"WEAPON LAWS";"POSS OF LOADED FIREARM"
"WEAPON LAWS";"POSS OF PROHIBITED WEAPON"
"WEAPON LAWS";"POSS OF TEAR GAS WEAPON"
"WEAPON LAWS";"POSSESSION OF AIR GUN"
"WEAPON LAWS";"POSSESSION OF CAUSTIC CHEMICAL"
"WEAPON LAWS";"POSSESSION OF EXPLOSIVE DEVICE"
"WEAPON LAWS";"POSSESSION OF MACHINE GUN"
"WEAPON LAWS";"SNIPER SCOPE, POSSESSION OF"
"WEAPON LAWS";"SUSPICIOUS PACKAGE"
"WEAPON LAWS";"SWITCHBLADE KNIFE, POSSESSION"
"WEAPON LAWS";"TAMPERING WITH MARKS ON FIREARM"
"WEAPON LAWS";"VIOLATION OF RESTRICTIONS ON A FIREARM TRANSFER"
"WEAPON LAWS";"WEAPON, ASSAULT, POSSESSION, MANUFACTURE, OR SALE"
"WEAPON LAWS";"WEAPON, ASSAULT, REGISTRATION OR TRANSFER VIOLATION"
"WEAPON LAWS";"WEAPON, DEADLY, CARRYING WITH INTENT TO COMMIT ASSAULT"
"WEAPON LAWS";"WEAPON, DEADLY, EXHIBITING TO RESIST ARREST"
"WEAPON LAWS";"WEAPON, POSSESS OR BRING OTHER ON SCHOOL GROUNDS"
"WEAPON LAWS";"WEAPON, POSSESSING IN PUBLIC BUILDING OR OPEN MEETING"
"WEAPON LAWS";"WEAPON, TAKING OR ATTEMPTING TO TAKE FROM PEACE OFFICER"
